vehicle,steps
0,"[[48.856522, 2.353665], [48.856522, 2.353665], [48.8516211, 2.3182931], [48.8513809, 2.3110222], [48.8571499, 2.3093104], [48.856522, 2.353665]]"
1,"[[48.856522, 2.353665], [48.856522, 2.353665], [48.8706366, 2.3320857], [48.8742118, 2.3446064], [48.8809206, 2.3500288], [48.856522, 2.353665]]"
2,"[[48.856522, 2.353665], [48.856522, 2.353665], [48.8248807, 2.3573333], [48.8382763, 2.3316999], [48.8525631, 2.3471304], [48.856522, 2.353665]]"
